{"train/loss": 1.9887, "train/grad_norm": 8.908809661865234, "train/learning_rate": 1.6000000000000003e-05, "train/epoch": 0.17, "train/global_step": 160, "_runtime": 42951, "_timestamp": 1710346432, "_step": 15, "_wandb": {"runtime": 43709}}